G,T,T,C,C,C,G,G,C,G,C,G,C,T,T,A,A,C,T,C
G,T,G,C,C,G,C,A,A,G,G,G,A,T,T,A,A,C,G,A
G,T,T,C,C,G,A,A,C,G,C,G,A,T,T,A,T,C,C,C
G,T,C,C,C,G,A,A,C,G,C,G,A,T,T,A,A,C,C,A
G,T,T,C,C,G,A,C,C,G,C,G,A,T,T,A,A,C,C,A
G,C,T,C,C,C,A,A,C,G,T,G,A,T,T,A,T,T,C,G
G,T,T,C,C,G,A,C,C,C,C,G,A,T,T,A,A,C,T,A
G,T,T,C,C,G,A,A,C,G,C,G,A,T,T,A,A,C,C,A
G,T,T,C,C,G,A,A,C,G,C,G,A,T,T,A,A,C,C,A
G,T,T,C,C,G,A,A,C,A,C,G,T,T,T,A,A,G,C,A
T,T,A,C,G,T,C,C,T,G,A,G,G,A,C,A,C,T,G,G
T,T,A,C,G,T,C,C,T,G,A,G,G,A,C,A,C,T,G,G
T,T,A,C,G,T,C,G,T,G,A,G,G,A,C,A,C,T,G,T
T,T,A,C,G,T,C,C,T,G,A,G,G,A,C,A,C,T,G,G
T,T,A,C,G,T,C,C,T,G,A,G,G,A,C,A,C,T,G,G
T,T,A,C,G,T,C,C,T,G,T,G,G,A,C,A,C,T,G,G
T,T,A,C,G,T,C,C,T,C,A,G,G,A,C,A,C,T,G,G
T,T,A,C,G,T,C,C,T,G,A,G,G,A,C,A,G,T,G,G
T,T,A,C,G,T,C,C,T,G,A,G,G,A,C,A,C,T,G,G
T,T,A,C,G,T,C,C,A,G,A,G,G,A,A,A,C,T,G,G
